{
    "data": [
        {
            "id": "159753",
            "name": "Diego Fernandes",
            "photo": "https://avatars.githubusercontent.com/u/2254731?v=4",
            "age": "22",
            "symptoms": [
                "shortness of breath",
                "high press"
            ],
            "hearthRate": "98",
            "temperature": "36",
            "bloodPressure": "12/9",
            "exams": [
                "tummography",
                "x-ray"
            ],
            "stable": true,
            "notifications": [
                {
                    "id": "1",
                    "message": "Paciente em estado grave.",
                    "doctor": "147963"
                },
                {
                    "id": "2",
                    "message": "Paciente melhorando!",
                    "doctor": "147963"
                }
            ]
        },
        {
            "id": "357951",
            "name": "Filipe Deschamps",
            "photo": "https://avatars.githubusercontent.com/u/4248081?v=4",
            "symptoms": [
                "shortness of breath",
                "high press"
            ],
            "hearthRate": "98",
            "temperature": "36",
            "bloodPressure": "12/9",
            "exams": [
                "tummography",
                "x-ray"
            ],
            "stable": true,
            "notifications": [
                {
                    "id": "1",
                    "message": "Paciente indo para sala de cirurgia.",
                    "doctor": "147963"
                },
                {
                    "id": "2",
                    "message": "Cirurgia finalizada, Paciente em recuperação",
                    "doctor": "147963"
                }
            ]
        }
    ]
}